archivo,control_congestion,repeticion,tiempo,segmentos_cliente,segmentos_servidor,integro
archivo_100b.txt,on,1,4.537,34,24,True
archivo_100b.txt,on,2,2.524,24,19,True
archivo_100b.txt,on,3,1.526,22,19,True
archivo_100b.txt,on,4,3.542,34,28,True
archivo_100b.txt,on,5,2.405,26,23,True
archivo_100b.txt,off,1,2.517,48,38,True
archivo_100b.txt,off,2,4.573,71,48,True
archivo_100b.txt,off,3,3.539,39,32,True
archivo_100b.txt,off,4,1.01,29,24,True
archivo_100b.txt,off,5,2.037,27,24,True
archivo_1200b.txt,on,1,22.222,267,211,True
archivo_1200b.txt,on,2,26.778,273,212,True
archivo_1200b.txt,on,3,24.386,261,213,True
archivo_1200b.txt,on,4,18.929,250,207,True
archivo_1200b.txt,on,5,17.048,245,209,True
archivo_1200b.txt,off,1,12.633,347,287,True
archivo_1200b.txt,off,2,17.028,410,327,True
archivo_1200b.txt,off,3,17.031,414,331,True
archivo_1200b.txt,off,4,22.254,495,391,True
archivo_1200b.txt,off,5,21.516,490,382,True
